chromosome	position	GC.percent	good.reads	adjusted.ratio	F	mutation	CNn	CNt	Mt	LPP	mutation_id	cluster_id	cellular_prevalence	cluster_assignment_prob
chr1	3478531	74	235	1.04585272324153	0.243	C>T	2	2	1	-10.3529170731697	chr1_3478531	1	0.9078	0.7785
chr1	10320121	42	115	1.04585272324153	0.2	G>A	2	2	1	-10.8539547166778	chr1_10320121	1	0.9078	0.7623
chr1	11765810	60	67	1.04585272324153	0.239	A>G	2	2	1	-10.3529170731697	chr1_11765810	1	0.9078	0.7706
chr1	13321890	48	399	0.606096735338905	0.188	G>A	2	1	1	-15.4201247554794	chr1_13321890	0	0.539	0.6261
chr1	21812501	60	81	1.02182032639808	0.185	G>A	2	2	1	-11.4640327884855	chr1_21812501	1	0.9078	0.7407
chr1	25408785	60	189	1.02182032639808	0.476	G>A	2	2	2	-10.5217415619806	chr1_25408785	1	0.9078	0.7801
chr1	26185000	64	177	1.02182032639808	0.254	C>T	2	2	1	-10.3665190964558	chr1_26185000	1	0.9078	0.7783
chr1	50177107	38	161	1.02182032639808	0.155	G>A	2	2	1	-12.3391860157644	chr1_50177107	1	0.9078	0.6467
chr1	56912493	64	171	1.02182032639808	0.269	C>T	2	2	1	-10.5498183711498	chr1_56912493	1	0.9078	0.7785
chr1	68753848	46	177	1.02182032639808	0.186	C>T	2	2	1	-11.127212059092	chr1_68753848	1	0.9078	0.7548
chr1	93877312	42	233	0.805493796182838	0.262	C>T	2	1	1	-11.3900053801383	chr1_93877312	1	0.9078	0.7777
chr1	94897924	50	311	0.805493796182838	0.28	G>A	2	1	1	-10.8898272523126	chr1_94897924	1	0.9078	0.7801
chr1	151159091	62	342	1.00050586279223	0.225	G>A	2	2	1	-10.4939625306543	chr1_151159091	1	0.9078	0.7784
chr1	152080245	54	664	1.00050586279223	0.233	G>A	2	2	1	-10.3982074585982	chr1_152080245	1	0.9078	0.7793
chr1	152776412	68	336	1.02061764087286	0.185	C>T	2	2	1	-11.4640327884855	chr1_152776412	1	0.9078	0.7586
chr1	155086223	70	128	1.02061764087286	0.242	C>T	2	2	1	-10.3529170731697	chr1_155086223	1	0.9078	0.7768
chr1	158648634	52	232	1.01849736232583	0.203	C>T	2	2	1	-10.8589530493049	chr1_158648634	1	0.9078	0.7719
chr1	161074575	64	138	1.01849736232583	0.217	C>T	2	2	1	-10.4939625306543	chr1_161074575	1	0.9078	0.773
chr1	175945224	16	139	1.01849736232583	0.173	G>A	2	2	1	-11.8720404323087	chr1_175945224	1	0.9078	0.7244
chr1	176699382	50	285	1.01849736232583	0.179	A>G	2	2	1	-11.4690311211125	chr1_176699382	1	0.9078	0.7462
chr1	200214410	64	75	1.01849736232583	0.293	C>T	2	2	1	-10.9381105611826	chr1_200214410	1	0.9078	0.7773
chr1	203683315	50	320	0.988139578487661	0.256	C>T	2	2	1	-10.4375853922724	chr1_203683315	1	0.9078	0.7789
chr1	207471116	50	98	0.988139578487661	0.214	A>C	2	2	1	-10.6469083910587	chr1_207471116	1	0.9078	0.768
chr1	208045191	58	312	0.988139578487661	0.212	G>A	2	2	1	-10.6469083910587	chr1_208045191	1	0.9078	0.7765
chr1	226883698	64	106	0.988139578487661	0.302	C>T	2	2	1	-11.2020876045078	chr1_226883698	1	0.9078	0.7781
chr1	248060976	46	539	0.988139578487661	0.212	C>T	2	2	1	-10.6469083910587	chr1_248060976	1	0.9078	0.7781
chr10	68122315	40	155	0.739318323028625	0.297	G>A	2	1	1	-10.5503571935125	chr10_68122315	1	0.9078	0.7791
chr10	68493558	34	69	0.739318323028625	0.333	A>G	2	1	1	-10.4439359559621	chr10_68493558	1	0.9078	0.7778
chr10	72213276	44	202	0.779019348230432	0.287	A>G	2	1	1	-10.6760621096116	chr10_72213276	1	0.9078	0.7794
chr10	97266086	42	326	0.779019348230432	0.31	G>A	2	1	1	-10.4663766070155	chr10_97266086	1	0.9078	0.7798
chr10	122050543	66	93	0.779019348230432	0.247	G>A	2	1	1	-11.6786970716344	chr10_122050543	1	0.9078	0.7623
chr10	125005674	54	214	0.779019348230432	0.285	G>A	2	1	1	-10.8522798834675	chr10_125005674	1	0.9078	0.7795
chr11	1189061	62	866	1.03415267877189	0.225	G>A	2	2	1	-10.4889641980272	chr11_1189061	1	0.9078	0.7794
chr11	7089435	84	189	1.03415267877189	0.249	G>A	2	2	1	-10.3665190964558	chr11_7089435	1	0.9078	0.7783
chr11	7938895	38	301	1.03415267877189	0.216	A>G	2	2	1	-10.4889641980272	chr11_7938895	1	0.9078	0.7772
chr11	18401013	36	112	1.03415267877189	0.277	G>T	2	2	1	-10.7170229788809	chr11_18401013	1	0.9078	0.778
chr11	20036073	52	201	1.03415267877189	0.219	C>T	2	2	1	-10.4889641980272	chr11_20036073	1	0.9078	0.776
chr11	27472219	88	64	1.03415267877189	0.156	G>C	2	2	1	-12.3391860157644	chr11_27472219	1	0.9078	0.6797
chr11	27806768	44	113	1.03415267877189	0.106	A>T	2	2	1	-15.8712159176449	chr11_27806768	0	0.539	0.4866
chr11	47426061	62	61	1.03415267877189	0.115	G>C	2	2	1	-14.992945736405	chr11_47426061	1	0.9078	0.5029
chr11	55270625	54	232	1.043924675815	0.203	T>A	2	2	1	-10.8539547166778	chr11_55270625	1	0.9078	0.7719
chr11	57317895	64	99	1.043924675815	0.222	G>A	2	2	1	-10.4889641980272	chr11_57317895	1	0.9078	0.7711
chr11	57317896	64	99	1.043924675815	0.222	G>A	2	2	1	-10.4889641980272	chr11_57317896	1	0.9078	0.7711
chr11	58528168	46	235	1.043924675815	0.17	G>A	2	2	1	-11.8670420996816	chr11_58528168	1	0.9078	0.7181
chr11	60767532	70	58	1.043924675815	0.328	G>A	2	2	1	-12.2675891049222	chr11_60767532	1	0.9078	0.7774
chr11	62983976	60	135	1.043924675815	0.23	G>A	2	2	1	-10.3932091259711	chr11_62983976	1	0.9078	0.7755
chr11	64901928	64	45	1.043924675815	0.244	G>A	2	2	1	-10.3529170731697	chr11_64901928	1	0.9078	0.7655
chr11	65880104	68	52	1.043924675815	0.269	G>A	2	2	1	-10.5498183711498	chr11_65880104	1	0.9078	0.7729
chr11	72585605	58	136	1.043924675815	0.221	G>A	2	2	1	-10.4889641980272	chr11_72585605	1	0.9078	0.7738
chr11	78109479	54	163	1.043924675815	0.239	G>A	2	2	1	-10.3529170731697	chr11_78109479	1	0.9078	0.7775
chr11	85655727	28	60	1.043924675815	0.217	T>G	2	2	1	-10.4889641980272	chr11_85655727	1	0.9078	0.7607
chr11	94306608	54	244	1.02038372905668	0.193	C>T	2	2	1	-11.127212059092	chr11_94306608	1	0.9078	0.7656
chr11	104037922	50	335	1.02038372905668	0.218	C>G	2	2	1	-10.4889641980272	chr11_104037922	1	0.9078	0.7778
chr11	120447965	22	109	1.02038372905668	0.239	C>T	2	2	1	-10.3529170731697	chr11_120447965	1	0.9078	0.7754
chr11	124185587	48	322	1.02038372905668	0.18	C>T	2	2	1	-11.4640327884855	chr11_124185587	1	0.9078	0.7499
chr11	124441066	44	149	1.02038372905668	0.215	G>A	2	2	1	-10.4889641980272	chr11_124441066	1	0.9078	0.7729
chr11	124611676	60	271	1.02038372905668	0.269	C>T	2	2	1	-10.5498183711498	chr11_124611676	1	0.9078	0.7787
chr11	128780826	44	375	1.02038372905668	0.176	G>A	2	2	1	-11.4640327884855	chr11_128780826	1	0.9078	0.7399
chr12	220947	68	145	1.01182718898964	0.262	C>T	2	2	1	-10.4375853922724	chr12_220947	1	0.9078	0.7781
chr12	7403841	46	229	1.01182718898964	0.319	C>T	2	2	1	-11.8701280425546	chr12_7403841	1	0.9078	0.7781
chr12	7487907	58	307	1.01182718898964	0.228	C>T	2	2	1	-10.3982074585982	chr12_7487907	1	0.9078	0.7784
chr12	7690185	46	312	1.01182718898964	0.24	A>T	2	2	1	-10.3579154057967	chr12_7690185	1	0.9078	0.7788
chr12	9202336	42	193	1.01182718898964	0.155	G>A	2	2	1	-12.3441843483915	chr12_9202336	1	0.9078	0.6384
chr12	11091660	44	207	1.17	0.106	C>T	2	3	1	-12.8531218641393	chr12_11091660	1	0.9078	0.4304
chr12	11091662	44	206	1.114	0.107	G>C	2	2	1	-15.9801283209134	chr12_11091662	0	0.539	0.7111
chr12	11091666	44	215	1.153	0.102	G>A	2	3	1	-13.5485391932338	chr12_11091666	1	0.9078	0.3742
chr12	15502048	50	222	1.01138294524946	0.248	C>T	2	2	1	-10.3715174290829	chr12_15502048	1	0.9078	0.7785
chr12	25803767	46	429	1.01138294524946	0.14	C>T	2	2	1	-13.5096249003847	chr12_25803767	0	0.539	0.5226
chr12	52491237	46	132	1.02215416866492	0.303	G>A	2	2	1	-11.1970892718807	chr12_52491237	1	0.9078	0.7783
chr12	54535230	54	132	1.02215416866492	0.318	A>T	2	2	1	-11.8651297099276	chr12_54535230	1	0.9078	0.7782
chr12	80266666	34	78	1.02215416866492	0.269	C>T	2	2	1	-10.5498183711498	chr12_80266666	1	0.9078	0.7763
chr12	88506327	22	275	1.02215416866492	0.193	C>T	2	2	1	-11.127212059092	chr12_88506327	1	0.9078	0.7667
chr12	108702806	58	345	1.02215416866492	0.209	C>T	2	2	1	-10.6419100584317	chr12_108702806	1	0.9078	0.7763
chr12	109904729	36	363	1.02215416866492	0.223	C>T	2	2	1	-10.4889641980272	chr12_109904729	1	0.9078	0.7784
chr12	119117002	54	135	1.02215416866492	0.207	G>A	2	2	1	-10.6419100584317	chr12_119117002	1	0.9078	0.769
chr12	124354488	74	192	1.02215416866492	0.234	G>A	2	2	1	-10.3932091259711	chr12_124354488	1	0.9078	0.7777
chr12	132053396	74	83	1.02215416866492	0.12	G>C	2	2	1	-14.992945736405	chr12_132053396	1	0.9078	0.4721
chr13	18219080	38	71	0.846	0.169	A>C	2	1	1	-16.432768413017	chr13_18219080	1	0.9078	0.4843
chr13	40560044	64	407	1.03128077823353	0.182	C>A	2	2	1	-11.4640327884855	chr13_40560044	1	0.9078	0.7551
chr13	45596607	54	136	1.03128077823353	0.125	A>G	2	2	1	-14.992945736405	chr13_45596607	0	0.539	0.3854
chr13	113548467	74	174	1.03128077823353	0.236	C>T	2	2	1	-10.3529170731697	chr13_113548467	1	0.9078	0.7774
chr13	113633840	56	97	1.03128077823353	0.216	C>T	2	2	1	-10.4889641980272	chr13_113633840	1	0.9078	0.7688
chr13	113633841	56	97	1.03128077823353	0.216	C>T	2	2	1	-10.4889641980272	chr13_113633841	1	0.9078	0.7688
chr14	21602074	54	173	1.03343523585602	0.168	G>A	2	2	1	-11.8670420996816	chr14_21602074	1	0.9078	0.7086
chr14	23522149	74	233	1.03343523585602	0.27	G>A	2	2	1	-10.5498183711498	chr14_23522149	1	0.9078	0.7786
chr14	32092289	36	235	1.03343523585602	0.191	C>T	2	2	1	-11.127212059092	chr14_32092289	1	0.9078	0.7641
chr14	64282651	48	197	1.03343523585602	0.213	G>A	2	2	1	-10.6419100584317	chr14_64282651	1	0.9078	0.7746
chr14	68887943	38	48	1.03343523585602	0.208	T>G	2	2	1	-10.6419100584317	chr14_68887943	1	0.9078	0.7507
chr14	77512281	50	65	1.03343523585602	0.308	G>A	2	2	1	-11.5080407730208	chr14_77512281	1	0.9078	0.7773
chr14	85109428	40	236	1.03343523585602	0.212	A>G	2	2	1	-10.6419100584317	chr14_85109428	1	0.9078	0.7753
chr15	22769662	62	82	2.1267583251674	0.341	C>T	2	6	3	-10.6115871969207	chr15_22769662	1	0.9078	0.7607
chr15	22769667	62	86	2.1267583251674	0.314	T>C	2	6	3	-11.2002291081448	chr15_22769667	1	0.9078	0.7483
chr15	33151390	48	62	1.01064242345176	0.21	A>C	2	2	1	-10.6469083910587	chr15_33151390	1	0.9078	0.7575
chr15	33854823	46	337	1.01064242345176	0.199	T>G	2	2	1	-10.8589530493049	chr15_33854823	1	0.9078	0.7725
chr15	34245876	42	158	1.01064242345176	0.297	G>A	2	2	1	-11.2020876045078	chr15_34245876	1	0.9078	0.7783
chr15	35237589	60	216	1.01064242345176	0.273	G>A	2	2	1	-10.5548167037768	chr15_35237589	1	0.9078	0.7786
chr15	40853989	68	95	1.01064242345176	0.105	A>C	2	2	1	-16.8526691090996	chr15_40853989	0	0.539	0.4223
chr15	43600801	52	102	1.01064242345176	0.255	C>T	2	2	1	-10.4375853922724	chr15_43600801	1	0.9078	0.7767
chr15	48244736	40	135	1.01064242345176	0.281	C>T	2	2	1	-10.7220213115079	chr15_48244736	1	0.9078	0.7783
chr15	49901239	28	216	1.01064242345176	0.185	C>T	2	2	1	-11.4690311211125	chr15_49901239	1	0.9078	0.7554
chr15	50498939	50	288	1.01064242345176	0.222	G>A	2	2	1	-10.4939625306543	chr15_50498939	1	0.9078	0.7778
chr15	52609943	30	369	1.01064242345176	0.236	C>T	2	2	1	-10.3579154057967	chr15_52609943	1	0.9078	0.7789
chr15	58542017	46	132	1.01064242345176	0.205	C>T	2	2	1	-10.8589530493049	chr15_58542017	1	0.9078	0.7672
chr15	65058728	50	41	1.01064242345176	0.22	C>T	2	2	1	-10.4939625306543	chr15_65058728	1	0.9078	0.7535
chr15	65756402	48	130	1.01064242345176	0.169	C>T	2	2	1	-11.8720404323087	chr15_65756402	1	0.9078	0.7142
chr15	71848872	42	268	1.01064242345176	0.25	G>T	2	2	1	-10.3715174290829	chr15_71848872	1	0.9078	0.7788
chr15	74035891	56	323	1.01064242345176	0.26	C>T	2	2	1	-10.4375853922724	chr15_74035891	1	0.9078	0.7788
chr15	77918731	62	219	1.01064242345176	0.416	G>A	2	2	2	-11.4801207529013	chr15_77918731	1	0.9078	0.7813
chr15	77986944	72	169	1.01064242345176	0.16	T>C	2	2	1	-12.3441843483915	chr15_77986944	1	0.9078	0.672
chr15	80186247	48	91	1.03196268340373	0.429	A>C	2	2	2	-11.215884860035	chr15_80186247	1	0.9078	0.7792
chr15	80186248	48	92	1.03196268340373	0.435	C>T	2	2	2	-10.9970285607325	chr15_80186248	1	0.9078	0.7794
chr15	80186250	48	91	1.03196268340373	0.451	C>T	2	2	2	-10.8183446943813	chr15_80186250	1	0.9078	0.7796
chr15	81372514	50	114	1.03196268340373	0.228	C>T	2	2	1	-10.3932091259711	chr15_81372514	1	0.9078	0.774
chr15	82327038	64	146	1.03196268340373	0.253	C>T	2	2	1	-10.3665190964558	chr15_82327038	1	0.9078	0.7779
chr15	82524520	70	79	0.929	0.127	G>A	2	2	1	-14.3398441183332	chr15_82524520	1	0.9078	0.5265
chr15	83804563	32	92	0.993894884483517	0.337	C>T	2	2	1	-12.7197148814788	chr15_83804563	1	0.9078	0.778
chr15	88038215	36	393	1.03173421435565	0.196	T>G	2	2	1	-10.8539547166778	chr15_88038215	1	0.9078	0.7717
chr15	88038216	36	390	1.03173421435565	0.195	G>A	2	2	1	-10.8539547166778	chr15_88038216	1	0.9078	0.771
chr15	88038217	36	394	1.03173421435565	0.195	T>A	2	2	1	-10.8539547166778	chr15_88038217	1	0.9078	0.7714
chr15	88038218	36	394	1.03173421435565	0.195	C>G	2	2	1	-10.8539547166778	chr15_88038218	1	0.9078	0.7714
chr15	88038219	36	392	1.03173421435565	0.196	T>A	2	2	1	-10.8539547166778	chr15_88038219	1	0.9078	0.772
chr15	88038220	36	393	1.03173421435565	0.196	T>C	2	2	1	-10.8539547166778	chr15_88038220	1	0.9078	0.7717
chr15	88038221	36	400	1.03173421435565	0.193	C>A	2	2	1	-11.127212059092	chr15_88038221	1	0.9078	0.7693
chr15	88095531	46	495	1.03173421435565	0.206	C>T	2	2	1	-10.6419100584317	chr15_88095531	1	0.9078	0.7769
chr15	88102808	54	586	1.03173421435565	0.249	G>A	2	2	1	-10.3665190964558	chr15_88102808	1	0.9078	0.7791
chr15	97530879	40	192	1.03173421435565	0.219	G>T	2	2	1	-10.4889641980272	chr15_97530879	1	0.9078	0.7757
chr15	99131822	60	247	1.03173421435565	0.166	G>A	2	2	1	-11.8670420996816	chr15_99131822	1	0.9078	0.6986
chr16	1206064	76	95	1.02487584464266	0.316	G>A	2	2	1	-11.8651297099276	chr16_1206064	1	0.9078	0.7781
chr16	1446688	64	115	1.02487584464266	0.243	G>A	2	2	1	-10.3529170731697	chr16_1446688	1	0.9078	0.7763
chr16	2071898	80	211	1.02487584464266	0.28	C>T	2	2	1	-10.7170229788809	chr16_2071898	1	0.9078	0.7785
chr16	2103141	72	64	1.02487584464266	0.25	G>A	2	2	1	-10.3665190964558	chr16_2103141	1	0.9078	0.7724
chr16	2967881	68	156	1.02487584464266	0.224	C>T	2	2	1	-10.4889641980272	chr16_2967881	1	0.9078	0.7756
chr16	23700526	56	162	0.969236843080605	0.259	C>T	2	2	1	-10.4821889794918	chr16_23700526	1	0.9078	0.7783
chr16	24361646	62	313	0.969236843080605	0.249	C>T	2	2	1	-10.4161210163023	chr16_24361646	1	0.9078	0.7789
chr16	24943776	46	143	0.969236843080605	0.189	G>A	2	2	1	-11.1768139789385	chr16_24943776	1	0.9078	0.755
chr16	28884673	68	91	0.969236843080605	0.231	G>A	2	2	1	-10.4428110458176	chr16_28884673	1	0.9078	0.7724
chr16	29979291	58	171	0.969236843080605	0.246	C>T	2	2	1	-10.4161210163023	chr16_29979291	1	0.9078	0.778
chr16	30728963	64	235	0.969236843080605	0.23	C>T	2	2	1	-10.4428110458176	chr16_30728963	1	0.9078	0.7779
chr16	31413168	64	210	0.969236843080605	0.238	G>A	2	2	1	-10.4025189930162	chr16_31413168	1	0.9078	0.7781
chr16	57526021	82	143	1.02479535931211	0.287	C>T	2	2	1	-10.9331122285556	chr16_57526021	1	0.9078	0.7783
chr16	57931797	60	369	1.02479535931211	0.146	G>A	2	2	1	-12.8837890113106	chr16_57931797	1	0.9078	0.4636
chr16	57931798	60	369	1.02479535931211	0.146	G>A	2	2	1	-12.8837890113106	chr16_57931798	1	0.9078	0.4636
chr16	80612648	62	204	0.982952154835462	0.221	G>A	2	2	1	-10.4939625306543	chr16_80612648	1	0.9078	0.7764
chr17	4478672	68	104	1.04069414555162	0.192	G>A	2	2	1	-11.127212059092	chr17_4478672	1	0.9078	0.7538
chr17	4478673	68	102	1.04069414555162	0.196	G>A	2	2	1	-10.8539547166778	chr17_4478673	1	0.9078	0.7571
chr17	4741737	60	338	1.04069414555162	0.175	C>T	2	2	1	-11.4640327884855	chr17_4741737	1	0.9078	0.7348
chr17	7431302	54	260	0.802732472845066	0.277	C>T	2	1	1	-10.8898272523126	chr17_7431302	1	0.9078	0.7796
chr17	10412330	30	340	0.802732472845066	0.25	C>A	2	1	1	-11.7162444404795	chr17_10412330	1	0.9078	0.7762
chr17	10455592	30	239	0.802732472845066	0.205	G>A	2	1	1	-14.1652151783547	chr17_10455592	1	0.9078	0.6194
chr17	10497836	50	307	0.802732472845066	0.212	C>T	2	1	1	-13.5608634965779	chr17_10497836	1	0.9078	0.6677
chr17	21973090	40	66	0.952020331415811	0.167	T>A	2	2	1	-11.9166440195281	chr17_21973090	1	0.9078	0.7054
chr17	30203390	30	118	0.739	0.28	G>A	2	1	1	-10.8979112726169	chr17_30203390	1	0.9078	0.7769
chr17	40399153	30	108	1.0103523669833	0.204	G>A	2	2	1	-10.8589530493049	chr17_40399153	1	0.9078	0.7639
chr17	41054875	72	226	1.0103523669833	0.159	G>A	2	2	1	-12.3441843483915	chr17_41054875	1	0.9078	0.6595
chr17	41502868	70	133	1.0103523669833	0.286	A>G	2	2	1	-10.9381105611826	chr17_41502868	1	0.9078	0.7783
chr17	42040576	74	275	1.0103523669833	0.251	C>T	2	2	1	-10.3715174290829	chr17_42040576	1	0.9078	0.7788
chr17	43848594	52	224	1.0103523669833	0.219	G>A	2	2	1	-10.4939625306543	chr17_43848594	1	0.9078	0.7765
chr17	44907367	52	229	1.0103523669833	0.218	C>T	2	2	1	-10.4939625306543	chr17_44907367	1	0.9078	0.7765
chr17	46244112	58	76	0.972	0.105	A>G	2	2	1	-16.897272696319	chr17_46244112	1	0.9078	0.3784
chr17	50168473	66	289	1.03225115083865	0.242	G>A	2	2	1	-10.3529170731697	chr17_50168473	1	0.9078	0.7788
chr17	50675569	66	125	1.03225115083865	0.224	C>A	2	2	1	-10.4889641980272	chr17_50675569	1	0.9078	0.7739
chr17	63918001	52	173	1.03225115083865	0.249	G>A	2	2	1	-10.3665190964558	chr17_63918001	1	0.9078	0.7781
chr18	110377	46	40	0.966	0.1	G>T	2	2	1	-16.897272696319	chr18_110377	1	0.9078	0.5182
chr18	27963570	38	122	1.0132290273115	0.197	G>A	2	2	1	-10.8589530493049	chr18_27963570	1	0.9078	0.7606
chr18	31355083	52	364	1.0132290273115	0.214	G>A	2	2	1	-10.6469083910587	chr18_31355083	1	0.9078	0.7775
chr18	33370074	38	90	1.0132290273115	0.289	G>A	2	2	1	-10.9381105611826	chr18_33370074	1	0.9078	0.7777
chr18	33607572	34	152	1.0132290273115	0.25	G>T	2	2	1	-10.3715174290829	chr18_33607572	1	0.9078	0.7779
chr18	63798582	12	106	0.778474309281912	0.349	C>T	2	1	1	-10.5949771468911	chr18_63798582	1	0.9078	0.7787
chr19	2102247	52	138	1.03787582003196	0.225	C>T	2	2	1	-10.4889641980272	chr19_2102247	1	0.9078	0.7748
chr19	3008952	60	90	1.03787582003196	0.322	G>A	2	2	1	-11.8651297099276	chr19_3008952	1	0.9078	0.7781
chr19	4217272	66	228	1.03787582003196	0.171	C>T	2	2	1	-11.8670420996816	chr19_4217272	1	0.9078	0.7213
chr19	4499448	76	92	1.03787582003196	0.239	C>T	2	2	1	-10.3529170731697	chr19_4499448	1	0.9078	0.7742
chr19	5260863	70	101	1.03787582003196	0.267	C>T	2	2	1	-10.5498183711498	chr19_5260863	1	0.9078	0.7774
chr19	8088119	56	159	1.03787582003196	0.277	C>T	2	2	1	-10.7170229788809	chr19_8088119	1	0.9078	0.7784
chr19	8948669	48	353	1.03787582003196	0.201	G>A	2	2	1	-10.8539547166778	chr19_8948669	1	0.9078	0.7739
chr19	9468014	42	318	1.03787582003196	0.201	C>T	2	2	1	-10.8539547166778	chr19_9468014	1	0.9078	0.7734
chr19	12464771	40	489	1.03787582003196	0.221	C>T	2	2	1	-10.4889641980272	chr19_12464771	1	0.9078	0.7788
chr19	12876354	60	153	1.02599718362082	0.248	G>A	2	2	1	-10.3665190964558	chr19_12876354	1	0.9078	0.7778
chr19	13025335	64	312	1.02599718362082	0.279	C>T	2	2	1	-10.7170229788809	chr19_13025335	1	0.9078	0.7786
chr19	17202085	64	148	1.02599718362082	0.257	C>T	2	2	1	-10.4325870596453	chr19_17202085	1	0.9078	0.7781
chr19	18599526	64	97	1.02599718362082	0.237	C>T	2	2	1	-10.3529170731697	chr19_18599526	1	0.9078	0.7743
chr19	21668808	36	52	1.02599718362082	0.135	G>A	2	2	1	-13.5046265677576	chr19_21668808	1	0.9078	0.6188
chr19	22180852	44	167	1.02599718362082	0.21	C>T	2	2	1	-10.6419100584317	chr19_22180852	1	0.9078	0.7721
chr19	37186831	40	422	1.04189416758764	0.197	G>A	2	2	1	-10.8539547166778	chr19_37186831	1	0.9078	0.7726
chr19	38494343	60	140	1.04189416758764	0.171	C>T	2	2	1	-11.8670420996816	chr19_38494343	1	0.9078	0.721
chr19	39785692	44	107	1.04189416758764	0.159	C>T	2	2	1	-12.3391860157644	chr19_39785692	1	0.9078	0.6791
chr19	39828221	66	86	1.04189416758764	0.302	C>A	2	2	1	-11.1970892718807	chr19_39828221	1	0.9078	0.7779
chr19	41248593	66	196	1.03042678028523	0.26	G>A	2	2	1	-10.4325870596453	chr19_41248593	1	0.9078	0.7785
chr19	43360330	50	329	1.03042678028523	0.252	G>A	2	2	1	-10.3665190964558	chr19_43360330	1	0.9078	0.7789
chr19	44618061	64	223	1.03042678028523	0.287	C>T	2	2	1	-10.9331122285556	chr19_44618061	1	0.9078	0.7785
chr19	49697472	64	117	1.03042678028523	0.214	T>G	2	2	1	-10.6419100584317	chr19_49697472	1	0.9078	0.7701
chr19	49697474	64	115	1.03042678028523	0.217	C>T	2	2	1	-10.4889641980272	chr19_49697474	1	0.9078	0.7712
chr19	49832217	64	143	1.03042678028523	0.252	C>T	2	2	1	-10.3665190964558	chr19_49832217	1	0.9078	0.7778
chr19	51001063	68	55	1.05494624093817	0.255	C>T	2	2	1	-10.4325870596453	chr19_51001063	1	0.9078	0.7713
chr19	51627815	54	200	1.05494624093817	0.215	C>T	2	2	1	-10.4889641980272	chr19_51627815	1	0.9078	0.7751
chr19	52383982	32	247	1.05494624093817	0.255	C>T	2	2	1	-10.4325870596453	chr19_52383982	1	0.9078	0.7787
chr19	54819903	56	459	1.00726912259877	0.257	C>T	2	2	1	-10.4375853922724	chr19_54819903	1	0.9078	0.779
chr19	54855596	54	374	1.03259645370859	0.235	G>A	2	2	1	-10.3529170731697	chr19_54855596	1	0.9078	0.7789
chr19	54982816	54	221	1.03259645370859	0.186	G>A	2	2	1	-11.127212059092	chr19_54982816	1	0.9078	0.7561
chr19	55455015	66	151	1.03259645370859	0.245	C>T	2	2	1	-10.3529170731697	chr19_55455015	1	0.9078	0.7776
chr19	58046552	52	191	1.03259645370859	0.236	C>T	2	2	1	-10.3529170731697	chr19_58046552	1	0.9078	0.7777
chr2	1903254	50	196	1.02953368924796	0.219	C>T	2	2	1	-10.4889641980272	chr2_1903254	1	0.9078	0.7759
chr2	20670441	50	76	1.02953368924796	0.237	C>T	2	2	1	-10.3529170731697	chr2_20670441	1	0.9078	0.7718
chr2	23880613	36	72	1.02953368924796	0.194	G>A	2	2	1	-11.127212059092	chr2_23880613	1	0.9078	0.7489
chr2	27369012	62	182	1.02953368924796	0.165	G>A	2	2	1	-12.3391860157644	chr2_27369012	1	0.9078	0.6964
chr2	33315213	50	182	1.02953368924796	0.192	T>G	2	2	1	-11.127212059092	chr2_33315213	1	0.9078	0.7621
chr2	42444634	22	105	1.02953368924796	0.286	C>T	2	2	1	-10.9331122285556	chr2_42444634	1	0.9078	0.778
chr2	43832076	66	89	1.02953368924796	0.191	C>T	2	2	1	-11.127212059092	chr2_43832076	1	0.9078	0.7496
chr2	47463049	38	204	1.02953368924796	0.191	C>T	2	2	1	-11.127212059092	chr2_47463049	1	0.9078	0.7623
chr2	74674621	60	237	1.02953368924796	0.203	C>T	2	2	1	-10.8539547166778	chr2_74674621	1	0.9078	0.772
chr2	84625072	32	170	1.02953368924796	0.171	C>T	2	2	1	-11.8670420996816	chr2_84625072	1	0.9078	0.7191
chr2	88805414	24	62	1.02945091137295	0.21	T>C	2	2	1	-10.6419100584317	chr2_88805414	1	0.9078	0.7575
chr2	96021412	62	168	0.96149358161776	0.22	C>T	2	2	1	-10.5385661178737	chr2_96021412	1	0.9078	0.7752
chr2	112833571	66	187	0.96149358161776	0.23	G>A	2	2	1	-10.4428110458176	chr2_112833571	1	0.9078	0.7772
chr2	129993899	54	47	0.923094773615279	0.234	A>G	2	2	1	-10.5270354262116	chr2_129993899	1	0.9078	0.763
chr2	151553978	44	232	1.01045136267034	0.254	G>A	2	2	1	-10.3715174290829	chr2_151553978	1	0.9078	0.7787
chr2	154242697	18	135	1.01045136267034	0.207	G>A	2	2	1	-10.6469083910587	chr2_154242697	1	0.9078	0.769
chr2	166046868	56	315	1.01045136267034	0.308	C>T	2	2	1	-11.5130391056479	chr2_166046868	1	0.9078	0.7782
chr2	166304307	28	306	1.01045136267034	0.15	G>A	2	2	1	-12.8887873439377	chr2_166304307	1	0.9078	0.5484
chr2	167244750	36	288	1.01045136267034	0.236	C>T	2	2	1	-10.3579154057967	chr2_167244750	1	0.9078	0.7786
chr2	176188972	80	126	1.01045136267034	0.175	C>T	2	2	1	-11.4690311211125	chr2_176188972	1	0.9078	0.7284
chr2	178558008	40	323	1.01045136267034	0.214	C>T	2	2	1	-10.6469083910587	chr2_178558008	1	0.9078	0.777
chr2	178756828	24	91	1.01045136267034	0.143	G>A	2	2	1	-13.5096249003847	chr2_178756828	1	0.9078	0.6095
chr2	188991508	44	89	1.01045136267034	0.213	G>A	2	2	1	-10.6469083910587	chr2_188991508	1	0.9078	0.7662
chr2	201753117	40	104	1.01045136267034	0.212	G>A	2	2	1	-10.6469083910587	chr2_201753117	1	0.9078	0.7676
chr2	201854854	42	72	1.01045136267034	0.264	C>T	2	2	1	-10.4375853922724	chr2_201854854	1	0.9078	0.7754
chr2	215031837	42	135	1.01045136267034	0.178	T>A	2	2	1	-11.4690311211125	chr2_215031837	1	0.9078	0.7362
chr2	227025849	54	82	1.01045136267034	0.207	G>A	2	2	1	-10.6469083910587	chr2_227025849	1	0.9078	0.7615
chr2	233146331	60	160	1.01045136267034	0.231	C>T	2	2	1	-10.3982074585982	chr2_233146331	1	0.9078	0.7767
chr2	240561107	68	115	1.04003210347049	0.209	C>T	2	2	1	-10.6419100584317	chr2_240561107	1	0.9078	0.7676
chr20	5302650	46	243	1.02856790171537	0.226	A>G	2	2	1	-10.3932091259711	chr20_5302650	1	0.9078	0.7777
chr20	6394430	44	291	1.02856790171537	0.22	C>T	2	2	1	-10.4889641980272	chr20_6394430	1	0.9078	0.7776
chr20	8649381	42	172	1.02856790171537	0.157	C>T	2	2	1	-12.3391860157644	chr20_8649381	1	0.9078	0.6547
chr20	20000822	56	251	0.829822073985389	0.315	G>A	2	1	1	-10.4687058892366	chr20_20000822	1	0.9078	0.7796
chr20	28564747	46	40	0.990015680003407	0.1	C>T	2	2	1	-16.8526691090996	chr20_28564747	1	0.9078	0.5182
chr20	30377518	68	53	1.1436321697854	0.132	A>G	2	2	1	-14.3149302213612	chr20_30377518	1	0.9078	0.6077
chr20	30377519	68	53	1.1436321697854	0.113	G>A	2	2	1	-15.9801283209134	chr20_30377519	1	0.9078	0.523
chr20	30377525	68	49	1.1436321697854	0.143	C>T	2	2	1	-13.6135389710262	chr20_30377525	1	0.9078	0.6491
chr20	30377531	68	49	1.1436321697854	0.102	T>C	2	2	1	-16.956583179741	chr20_30377531	1	0.9078	0.4826
chr20	31285959	68	214	1.03285956954268	0.187	C>T	2	2	1	-11.127212059092	chr20_31285959	1	0.9078	0.7577
chr20	46029417	80	77	1.03285956954268	0.208	G>A	2	2	1	-10.6419100584317	chr20_46029417	1	0.9078	0.7607
chr20	46029428	80	71	1.03285956954268	0.127	G>A	2	2	1	-14.2060178180927	chr20_46029428	1	0.9078	0.5459
chr20	46186861	58	263	1.03285956954268	0.27	C>T	2	2	1	-10.5498183711498	chr20_46186861	1	0.9078	0.7787
chr20	46592376	46	42	1.03285956954268	0.238	C>G	2	2	1	-10.3529170731697	chr20_46592376	1	0.9078	0.7621
chr20	55351332	46	85	1.03285956954268	0.2	G>A	2	2	1	-10.8539547166778	chr20_55351332	1	0.9078	0.7571
chr20	58418328	58	296	1.03285956954268	0.253	G>T	2	2	1	-10.3665190964558	chr20_58418328	1	0.9078	0.7788
chr20	63407138	76	283	1.03285956954268	0.226	G>A	2	2	1	-10.3932091259711	chr20_63407138	1	0.9078	0.7781
chr21	10692828	40	52	0.923695913197508	0.135	A>G	2	2	1	-13.6384528679982	chr21_10692828	1	0.9078	0.6188
chr21	29651129	44	154	1.04351567198687	0.182	C>T	2	2	1	-11.4640327884855	chr21_29651129	1	0.9078	0.7457
chr21	31998778	52	327	1.04351567198687	0.257	A>T	2	2	1	-10.4325870596453	chr21_31998778	1	0.9078	0.7789
chr21	42437522	58	232	1.04351567198687	0.241	C>T	2	2	1	-10.3529170731697	chr21_42437522	1	0.9078	0.7784
chr21	44353674	66	126	1.04351567198687	0.254	G>A	2	2	1	-10.3665190964558	chr21_44353674	1	0.9078	0.7775
chr21	46326375	40	138	1.04351567198687	0.217	A>C	2	2	1	-10.4889641980272	chr21_46326375	1	0.9078	0.773
chr22	12693541	66	59	1.00401583829239	0.102	C>T	2	2	1	-16.8526691090996	chr22_12693541	1	0.9078	0.4312
chr22	12693736	74	135	1.00401583829239	0.133	C>G	2	2	1	-14.2110161507197	chr22_12693736	1	0.9078	0.4773
chr22	12693749	74	137	1.00401583829239	0.124	G>T	2	2	1	-14.9979440690321	chr22_12693749	0	0.539	0.3976
chr22	16390264	66	72	1.09827524469796	0.181	G>A	2	2	1	-11.498655249033	chr22_16390264	1	0.9078	0.7319
chr22	16675761	34	82	1.03042744683068	0.195	C>T	2	2	1	-10.8539547166778	chr22_16675761	1	0.9078	0.7522
chr22	16697022	60	149	1.03042744683068	0.134	C>T	2	2	1	-14.2060178180927	chr22_16697022	1	0.9078	0.4659
chr22	16968301	58	208	1.03042744683068	0.192	G>A	2	2	1	-11.127212059092	chr22_16968301	1	0.9078	0.7636
chr22	17149641	58	252	1.03042744683068	0.302	G>A	2	2	1	-11.1970892718807	chr22_17149641	1	0.9078	0.7783
chr22	18892560	52	60	1.02352404469299	0.1	G>C	2	2	1	-16.8476707764725	chr22_18892560	1	0.9078	0.4154
chr22	24249519	68	52	1.01985530169507	0.212	A>G	2	2	1	-10.6469083910587	chr22_24249519	1	0.9078	0.7547
chr22	25797999	58	188	1.01985530169507	0.218	G>A	2	2	1	-10.4939625306543	chr22_25797999	1	0.9078	0.7755
chr22	30299430	54	105	1.01985530169507	0.162	G>A	2	2	1	-12.3441843483915	chr22_30299430	1	0.9078	0.6908
chr22	33304521	70	132	1.01985530169507	0.258	G>A	2	2	1	-10.4375853922724	chr22_33304521	1	0.9078	0.7778
chr22	38109231	56	159	1.02550480865126	0.264	G>A	2	2	1	-10.4325870596453	chr22_38109231	1	0.9078	0.7783
chr22	39239096	48	384	1.02550480865126	0.229	C>T	2	2	1	-10.3932091259711	chr22_39239096	1	0.9078	0.7788
chr22	41730635	48	154	1.02550480865126	0.24	A>G	2	2	1	-10.3529170731697	chr22_41730635	1	0.9078	0.7774
chr22	44786517	68	311	1.08573246583415	0.26	C>T	2	2	1	-10.4672095201928	chr22_44786517	1	0.9078	0.7788
chr22	45361862	40	261	1.08573246583415	0.257	C>T	2	2	1	-10.4672095201928	chr22_45361862	1	0.9078	0.7788
chr3	10092221	42	148	0.790440016974038	0.318	G>A	2	1	1	-10.4311585203916	chr3_10092221	1	0.9078	0.7791
chr3	27583115	38	133	0.790440016974038	0.391	T>A	2	1	1	-11.4196323998501	chr3_27583115	1	0.9078	0.7782
chr3	32891870	38	41	0.790440016974038	0.341	C>T	2	1	1	-10.4961313122545	chr3_32891870	1	0.9078	0.7751
chr3	35792478	46	188	0.790440016974038	0.319	G>A	2	1	1	-10.4311585203916	chr3_35792478	1	0.9078	0.7794
chr3	38726995	66	150	0.790440016974038	0.293	C>T	2	1	1	-10.6760621096116	chr3_38726995	1	0.9078	0.7789
chr3	42979740	80	44	0.790440016974038	0.341	G>A	2	1	1	-10.4961313122545	chr3_42979740	1	0.9078	0.7757
chr3	50326257	60	85	0.790440016974038	0.341	C>A	2	1	1	-10.4961313122545	chr3_50326257	1	0.9078	0.7785
chr3	52381754	70	171	0.790440016974038	0.298	C>T	2	1	1	-10.5477321294061	chr3_52381754	1	0.9078	0.7793
chr3	61742744	52	287	0.790440016974038	0.296	C>T	2	1	1	-10.5477321294061	chr3_61742744	1	0.9078	0.78
chr3	74298093	46	180	0.790440016974038	0.272	G>A	2	1	1	-11.0773822992671	chr3_74298093	1	0.9078	0.7781
chr3	98169598	32	79	0.780251302209634	0.291	C>T	2	1	1	-10.6760621096116	chr3_98169598	1	0.9078	0.7756
chr3	114056364	54	89	0.780251302209634	0.292	C>T	2	1	1	-10.6760621096116	chr3_114056364	1	0.9078	0.7766
chr3	126146969	68	44	0.780251302209634	0.273	G>T	2	1	1	-11.0773822992671	chr3_126146969	1	0.9078	0.7624
chr3	139253796	48	145	0.780251302209634	0.31	G>A	2	1	1	-10.4663766070155	chr3_139253796	1	0.9078	0.7791
chr3	184327867	56	142	0.780251302209634	0.282	C>T	2	1	1	-10.8522798834675	chr3_184327867	1	0.9078	0.778
chr3	195779276	58	77	1.96903371196154	0.208	G>A	2	6	2	-10.6561147115702	chr3_195779276	1	0.9078	0.6803
chr3	195779669	58	107	1.96903371196154	0.131	C>G	2	6	1	-10.0936815360597	chr3_195779669	1	0.9078	0.7066
chr4	3416902	42	149	1.07651376467781	0.242	C>G	2	2	1	-10.3875395337172	chr4_3416902	1	0.9078	0.7773
chr4	3532175	84	61	1.07651376467781	0.213	A>G	2	2	1	-10.6765325189792	chr4_3532175	1	0.9078	0.7591
chr4	4388048	60	183	1.02205069264708	0.131	G>T	2	2	1	-14.2060178180927	chr4_4388048	0	0.539	0.4137
chr4	11399736	60	269	1.02205069264708	0.212	G>A	2	2	1	-10.6419100584317	chr4_11399736	1	0.9078	0.776
chr4	25804599	42	203	1.02205069264708	0.232	G>A	2	2	1	-10.3932091259711	chr4_25804599	1	0.9078	0.7776
chr4	49108368	52	54	4.39002192759636	0.111	A>G	2	15	2	-9.82077468045623	chr4_49108368	1	0.9078	0.6774
chr4	80583077	30	83	1.00965881636703	0.241	G>A	2	2	1	-10.3579154057967	chr4_80583077	1	0.9078	0.7736
chr4	113049711	36	104	1.01676095156671	0.279	C>T	2	2	1	-10.7220213115079	chr4_113049711	1	0.9078	0.7778
chr4	121037313	40	390	1.01676095156671	0.254	T>A	2	2	1	-10.3715174290829	chr4_121037313	1	0.9078	0.779
chr4	122934567	24	163	1.01676095156671	0.252	A>G	2	2	1	-10.3715174290829	chr4_122934567	1	0.9078	0.7781
chr4	150868269	48	131	1.01676095156671	0.282	G>A	2	2	1	-10.7220213115079	chr4_150868269	1	0.9078	0.7783
chr5	733872	60	92	0.781671207080967	0.228	C>T	2	1	1	-12.490001148211	chr5_733872	1	0.9078	0.7398
chr5	1295046	72	74	0.781671207080967	0.297	T>G	2	1	1	-10.5477321294061	chr5_1295046	1	0.9078	0.7759
chr5	7300511	62	92	0.781671207080967	0.141	T>C	2	1	1	-19.1321818017734	chr5_7300511	0	0.539	0.6119
chr5	36036074	42	42	0.781671207080967	0.19	G>A	2	1	1	-14.7932321754545	chr5_36036074	1	0.9078	0.6541
chr5	40979923	34	132	0.781671207080967	0.28	C>T	2	1	1	-10.8522798834675	chr5_40979923	1	0.9078	0.7776
chr5	42800929	38	179	0.781671207080967	0.279	C>T	2	1	1	-10.8522798834675	chr5_42800929	1	0.9078	0.7787
chr5	49658394	42	99	4.33078890539708	0.141	A>C	2	15	2	-10.138798041289	chr5_49658394	1	0.9078	0.6701
chr5	49658398	42	104	4.33078890539708	0.115	C>T	2	15	2	-9.83737540278972	chr5_49658398	1	0.9078	0.6739
chr5	49659843	40	137	4.33078890539708	0.168	G>C	2	15	3	-9.98724428471658	chr5_49659843	1	0.9078	0.67
chr5	49661610	38	82	4.33078890539708	0.11	T>A	2	15	2	-9.82077468045623	chr5_49661610	1	0.9078	0.6766
chr5	49661732	44	54	4.33078890539708	0.111	C>T	2	15	2	-9.82077468045623	chr5_49661732	1	0.9078	0.6774
chr5	49666181	26	88	4.33078890539708	0.125	T>C	2	15	2	-9.83737540278972	chr5_49666181	1	0.9078	0.6724
chr5	58617744	40	212	0.773726225979319	0.311	G>A	2	1	1	-10.4663766070155	chr5_58617744	1	0.9078	0.7795
chr5	74834554	46	215	0.773726225979319	0.256	C>T	2	1	1	-11.3524580112933	chr5_74834554	1	0.9078	0.7758
chr5	134158671	26	46	0.773726225979319	0.304	C>T	2	1	1	-10.5477321294061	chr5_134158671	1	0.9078	0.772
chr5	135852601	54	128	0.773726225979319	0.359	C>T	2	1	1	-10.7372613306252	chr5_135852601	1	0.9078	0.7787
chr5	147997801	44	96	0.773726225979319	0.115	T>C	2	1	1	-21.4051150174822	chr5_147997801	0	0.539	0.7351
chr5	151347274	44	177	0.773726225979319	0.367	G>A	2	1	1	-10.9224486750834	chr5_151347274	1	0.9078	0.7786
chr5	156954764	42	163	0.773726225979319	0.429	G>A	2	1	1	-12.9103648344923	chr5_156954764	1	0.9078	0.7775
chr5	179129986	68	211	0.773726225979319	0.327	G>A	2	1	1	-10.4413108918556	chr5_179129986	1	0.9078	0.7793
chr5	181124423	58	263	0.773726225979319	0.262	C>T	2	1	1	-11.3524580112933	chr5_181124423	1	0.9078	0.7783
chr6	24462894	44	49	1.01960614040108	0.51	T>C	2	2	2	-10.587332477978	chr6_24462894	1	0.9078	0.7786
chr6	31116694	46	305	1.01960614040108	0.449	C>T	2	2	2	-10.8233430270084	chr6_31116694	1	0.9078	0.7811
chr6	32157911	46	149	1.01960614040108	0.242	C>T	2	2	1	-10.3579154057967	chr6_32157911	1	0.9078	0.7773
chr6	32517511	48	61	1.08401458202032	0.148	G>A	2	2	1	-12.9184114718582	chr6_32517511	1	0.9078	0.6544
chr6	32517546	48	85	1.08401458202032	0.106	T>A	2	2	1	-15.9058383781924	chr6_32517546	0	0.539	0.3749
chr6	36322439	64	150	1.0367579161013	0.547	G>A	2	2	2	-11.2183980405183	chr6_36322439	1	0.9078	0.7787
chr6	38702911	70	72	1.0367579161013	0.444	T>C	2	2	2	-10.9970285607325	chr6_38702911	1	0.9078	0.7788
chr6	46638012	44	60	1.02696056492217	0.25	C>G	2	2	1	-10.3665190964558	chr6_46638012	1	0.9078	0.7716
chr6	63864237	50	318	1.00824777908772	0.211	C>T	2	2	1	-10.6469083910587	chr6_63864237	1	0.9078	0.7764
chr6	72245785	40	131	1.00824777908772	0.198	G>A	2	2	1	-10.8589530493049	chr6_72245785	1	0.9078	0.7631
chr6	73363287	62	150	1.00824777908772	0.22	G>A	2	2	1	-10.4939625306543	chr6_73363287	1	0.9078	0.7744
chr6	76041972	44	187	1.00824777908772	0.171	G>A	2	2	1	-11.8720404323087	chr6_76041972	1	0.9078	0.7211
chr6	93718453	38	198	1.00824777908772	0.247	G>A	2	2	1	-10.3715174290829	chr6_93718453	1	0.9078	0.7784
chr6	100889770	56	210	1.00824777908772	0.19	T>A	2	2	1	-11.132210391719	chr6_100889770	1	0.9078	0.7619
chr6	107044369	38	306	1.00824777908772	0.209	C>T	2	2	1	-10.6469083910587	chr6_107044369	1	0.9078	0.7759
chr6	112617706	44	64	1.00824777908772	0.125	C>T	2	2	1	-14.9979440690321	chr6_112617706	1	0.9078	0.5523
chr6	123316451	40	169	1.00824777908772	0.178	C>T	2	2	1	-11.4690311211125	chr6_123316451	1	0.9078	0.7382
chr6	143458499	24	55	1.00824777908772	0.255	G>T	2	2	1	-10.4375853922724	chr6_143458499	1	0.9078	0.7713
chr6	152395608	36	378	1.00824777908772	0.212	C>T	2	2	1	-10.6469083910587	chr6_152395608	1	0.9078	0.7772
chr6	160249345	48	251	1.00824777908772	0.231	C>T	2	2	1	-10.3982074585982	chr6_160249345	1	0.9078	0.7782
chr7	7358820	36	172	1.02483403433177	0.244	G>A	2	2	1	-10.3529170731697	chr7_7358820	1	0.9078	0.7779
chr7	19725702	48	179	1.02483403433177	0.268	G>A	2	2	1	-10.5498183711498	chr7_19725702	1	0.9078	0.7785
chr7	28488214	66	159	1.02483403433177	0.201	C>T	2	2	1	-10.8539547166778	chr7_28488214	1	0.9078	0.7675
chr7	39451612	56	110	1.02483403433177	0.345	C>T	2	2	1	-12.7147165488517	chr7_39451612	1	0.9078	0.778
chr7	44001109	54	249	1.02483403433177	0.265	G>A	2	2	1	-10.4325870596453	chr7_44001109	1	0.9078	0.7787
chr7	44516994	68	56	1.02483403433177	0.286	G>A	2	2	1	-10.9331122285556	chr7_44516994	1	0.9078	0.7754
chr7	47866621	38	202	1.03229864036129	0.238	G>A	2	2	1	-10.3529170731697	chr7_47866621	1	0.9078	0.778
chr7	54550078	66	277	1.03229864036129	0.278	C>A	2	2	1	-10.7170229788809	chr7_54550078	1	0.9078	0.7786
chr7	57014342	72	149	1.03229864036129	0.107	A>G	2	2	1	-15.8712159176449	chr7_57014342	0	0.539	0.5913
chr7	57718023	34	176	1.638	0.188	G>A	2	4	1	-10.510188748571	chr7_57718023	1	0.9078	0.7186
chr7	64707571	34	300	1.33293761286439	0.103	C>T	2	3	1	-13.4729723473386	chr7_64707571	0	0.539	0.4058
chr7	66823892	58	52	1.33293761286439	0.404	C>T	2	3	2	-10.4960099071939	chr7_66823892	1	0.9078	0.7754
chr7	71210988	30	331	1.33293761286439	0.193	G>A	2	3	1	-10.281851397556	chr7_71210988	1	0.9078	0.7556
chr7	72830800	48	125	1.33293761286439	0.184	C>T	2	3	1	-10.3376345972164	chr7_72830800	1	0.9078	0.7416
chr7	76005227	12	48	1.47738818666885	0.125	G>A	2	4	1	-10.836298019122	chr7_76005227	1	0.9078	0.681
chr7	87807444	54	313	1.47738818666885	0.125	C>T	2	4	1	-10.836298019122	chr7_87807444	1	0.9078	0.7024
chr7	100223828	64	249	1.47738818666885	0.454	G>A	2	4	3	-10.8541100672259	chr7_100223828	1	0.9078	0.7795
chr7	100223829	64	247	1.47738818666885	0.453	T>A	2	4	3	-10.8541100672259	chr7_100223829	1	0.9078	0.7795
chr7	100858830	58	336	1.47738818666885	0.5	C>T	2	4	3	-10.492501133398	chr7_100858830	1	0.9078	0.7794
chr7	101130398	56	109	1.49475571561064	0.55	C>T	2	4	3	-11.1225825675878	chr7_101130398	1	0.9078	0.7786
chr7	101156614	48	419	1.49475571561064	0.158	C>T	2	4	1	-10.1832305370805	chr7_101156614	1	0.9078	0.7455
chr7	103989353	88	116	1.49475571561064	0.431	C>T	2	4	3	-11.2779664020346	chr7_103989353	1	0.9078	0.7741
chr7	120951122	64	110	1.49475571561064	0.182	C>T	2	4	1	-10.3084234291011	chr7_120951122	1	0.9078	0.7185
chr7	132241183	56	136	1.49475571561064	0.184	G>T	2	4	1	-10.3084234291011	chr7_132241183	1	0.9078	0.7199
chr7	135128626	54	109	1.49475571561064	0.174	T>G	2	4	1	-10.2112596806475	chr7_135128626	1	0.9078	0.7214
chr7	135606946	40	198	1.49475571561064	0.162	C>T	2	4	1	-10.1832305370805	chr7_135606946	1	0.9078	0.735
chr7	140753336	48	321	1.49475571561064	0.433	A>T	2	4	3	-11.2779664020346	chr7_140753336	1	0.9078	0.7791
chr7	142030394	34	544	1.49475571561064	0.142	T>G	2	4	1	-10.3483249697742	chr7_142030394	1	0.9078	0.7401
chr7	142034837	54	395	1.49475571561064	0.134	C>A	2	4	1	-10.5495431604594	chr7_142034837	1	0.9078	0.7267
chr7	142074204	52	241	1.49475571561064	0.485	C>T	2	4	3	-10.5180326810926	chr7_142074204	1	0.9078	0.7795
chr7	142750815	52	163	1.49475571561064	0.11	G>A	2	4	1	-11.2143951407121	chr7_142750815	1	0.9078	0.6532
chr7	142750833	52	142	1.49475571561064	0.113	A>T	2	4	1	-11.2143951407121	chr7_142750833	1	0.9078	0.6634
chr7	142750846	52	104	1.49475571561064	0.125	T>A	2	4	1	-10.836298019122	chr7_142750846	1	0.9078	0.6924
chr7	142750849	52	103	1.49475571561064	0.117	G>T	2	4	1	-10.836298019122	chr7_142750849	1	0.9078	0.6753
chr7	142761735	52	45	1.49475571561064	0.111	G>A	2	4	1	-11.2143951407121	chr7_142761735	1	0.9078	0.6642
chr7	143323283	74	87	1.49475571561064	0.598	C>T	2	4	4	-11.1856094627621	chr7_143323283	1	0.9078	0.7788
chr7	148229755	42	142	1.49475571561064	0.106	C>T	2	4	1	-11.2143951407121	chr7_148229755	1	0.9078	0.6362
chr7	150627850	60	480	1.49475571561064	0.181	C>G	2	4	1	-10.3084234291011	chr7_150627850	1	0.9078	0.7318
chr7	158595281	50	86	1.49475571561064	0.116	A>G	2	4	1	-10.836298019122	chr7_158595281	1	0.9078	0.6743
chr8	19844243	22	177	1.02053895425417	0.192	C>G	2	2	1	-11.127212059092	chr8_19844243	1	0.9078	0.7615
chr8	73421498	40	71	1.03398214555075	0.254	G>A	2	2	1	-10.3665190964558	chr8_73421498	1	0.9078	0.774
chr8	102125437	36	72	1.03398214555075	0.139	G>A	2	2	1	-13.5046265677576	chr8_102125437	1	0.9078	0.6095
chr8	104813397	40	311	1.03398214555075	0.209	G>A	2	2	1	-10.6419100584317	chr8_104813397	1	0.9078	0.7759
chr8	109490002	42	85	1.03398214555075	0.176	T>C	2	2	1	-11.4640327884855	chr8_109490002	1	0.9078	0.7277
chr8	142665337	64	310	1.03398214555075	0.2	G>A	2	2	1	-10.8539547166778	chr8_142665337	1	0.9078	0.7726
chr8	143839210	58	238	1.03398214555075	0.181	G>A	2	2	1	-11.4640327884855	chr8_143839210	1	0.9078	0.7484
chr9	14801811	58	347	1.01980684053269	0.239	G>A	2	2	1	-10.3579154057967	chr9_14801811	1	0.9078	0.7789
chr9	21971097	78	218	1.01980684053269	0.271	C>T	2	2	1	-10.5548167037768	chr9_21971097	1	0.9078	0.7786
chr9	21971098	78	217	1.01980684053269	0.267	C>T	2	2	1	-10.5548167037768	chr9_21971098	1	0.9078	0.7786
chr9	33795733	44	113	1.01980684053269	0.195	A>G	2	2	1	-10.8589530493049	chr9_33795733	1	0.9078	0.7576
chr9	41074274	70	283	0.604123890341421	0.11	C>T	2	1	1	-23.3025848022776	chr9_41074274	0	0.539	0.926
chr9	76175222	34	73	0.790884172005562	0.123	A>G	2	1	1	-21.4051150174822	chr9_76175222	0	0.539	0.6014
chr9	128276135	52	90	0.790884172005562	0.367	G>A	2	1	1	-10.9224486750834	chr9_128276135	1	0.9078	0.7785
chrX	3309885	52	149	0.774	0.409	G>A	2	1	1	-12.0831705246202	chrX_3309885	1	0.9078	0.7779
chrX	21656862	78	120	1.05681547123985	0.383	G>A	2	2	2	-12.9213085519344	chrX_21656862	1	0.9078	0.7744
chrX	47210164	56	47	1.05681547123985	0.383	C>T	2	2	2	-12.9213085519344	chrX_47210164	1	0.9078	0.7619
chrX	50379603	52	72	1.214	0.583	C>T	2	3	3	-10.5272328954647	chrX_50379603	1	0.9078	0.7792
chrX	54333184	38	54	1.05305547840821	0.519	C>T	2	2	2	-10.6817629004354	chrX_54333184	1	0.9078	0.7787
chrX	74107432	46	137	1.06944813729924	0.409	G>A	2	2	2	-11.8096073718304	chrX_74107432	1	0.9078	0.7799
chrX	101494036	74	45	1.06944813729924	0.133	A>G	2	2	1	-14.2406402786402	chrX_101494036	1	0.9078	0.6252
chrX	101494042	74	45	1.06944813729924	0.111	G>A	2	2	1	-15.9058383781924	chrX_101494042	1	0.9078	0.5429
chrX	102750496	40	104	1.06944813729924	0.462	G>A	2	2	2	-10.7142807007992	chrX_102750496	1	0.9078	0.7798
chrX	117901909	38	51	1.06944813729924	0.471	C>T	2	2	2	-10.6154495905587	chrX_117901909	1	0.9078	0.7782
chrX	132628714	46	177	1.06944813729924	0.486	G>A	2	2	2	-10.536945936671	chrX_132628714	1	0.9078	0.7799
chrY	11156599	68	43	0.876317051213832	0.116	C>T	2	1	1	-21.6376072923493	chrY_11156599	0	0.539	0.3894
chrY	11315121	56	91	0.876317051213832	0.11	T>A	2	1	1	-22.9081844971198	chrY_11315121	0	0.539	0.726
chrY	11315321	56	57	0.876317051213832	0.193	C>T	2	1	1	-15.0257244503217	chrY_11315321	1	0.9078	0.6469
chrY	11332979	76	65	1.05459604865036	0.138	G>A	2	2	1	-13.5046265677576	chrY_11332979	1	0.9078	0.6162
